Association-Name,Companies-Name,Sites-Name
CleanSpace,"Lorem Company",Louisiana
"Basement Systems, Inc.","Ultrices Iaculis Ltd",Iowa
"Dr. Energy Saver, LLC","Cras Interdum Inc.",Washington
"Basement Systems, Inc.","Ultrices Iaculis Ltd",Iowa
"Dr. Energy Saver, LLC","Lacinia Sed Consulting",Oregon
CleanSpace,"Vehicula Pellentesque Industries",Arkansas
"Foundation Supportworks, Inc.","Feugiat Non Lobortis Associates",Connecticut
"Total Basement Finishing, Inc.","Habitant Morbi Inc.",Georgia
"Total Basement Finishing, Inc.","Cras Interdum Inc.",Kentucky
"Basement Systems, Inc.","Sem Egestas Foundation",Kentucky
"Dr. Energy Saver, LLC","Phasellus Ornare Fusce Consulting",Nevada
"Total Basement Finishing, Inc.","Nascetur Ridiculus Associates",California
"Foundation Supportworks, Inc.","Luctus Aliquet Corp.",Kentucky
"Total Basement Finishing, Inc.","Blandit At Nisi Industries",Wisconsin
"Foundation Supportworks, Inc.","Mi Lacinia Mattis Company",Tennessee
"Foundation Supportworks, Inc.","Felis Incorporated",Vermont
"Basement Systems, Inc.","Lacinia At Iaculis Associates",Oregon
CleanSpace,"Nisl Nulla Institute",Georgia
CleanSpace,"Nisl Nulla Institute",Georgia
CleanSpace,"Eu Ltd",Nevada
CleanSpace,"Lorem Company",Louisiana
"Total Basement Finishing, Inc.","Blandit At Nisi Industries",Wisconsin
"Dr. Energy Saver, LLC","Odio Phasellus Ltd",Wyoming
"Dr. Energy Saver, LLC","Vitae Risus PC",Indiana
"Total Basement Finishing, Inc.","Velit Sed Malesuada Institute",Virginia
"Total Basement Finishing, Inc.","Cras Interdum Inc.",Kentucky
"Total Basement Finishing, Inc.","Donec Nibh Quisque Limited",Montana
CleanSpace,"Eu Ltd",Nevada
"Foundation Supportworks, Inc.","Mi Lacinia Mattis Company",Tennessee
"Dr. Energy Saver, LLC","Odio Phasellus Ltd",Wyoming
"Foundation Supportworks, Inc.","Mi Lacinia Mattis Company",Tennessee
"Foundation Supportworks, Inc.","Egestas Aliquam Fringilla Institute",Wyoming
"Total Basement Finishing, Inc.","Vitae Risus PC",Virginia
"Dr. Energy Saver, LLC","A Malesuada Id Company",Florida
"Foundation Supportworks, Inc.","Et Nunc Quisque Consulting",Montana
CleanSpace,"In PC",Pennsylvania
